Series Name,Series Code,Country Name,Country Code,1990 [YR1990],1991 [YR1991],1992 [YR1992],1993 [YR1993],1994 [YR1994],1995 [YR1995],1996 [YR1996],1997 [YR1997],1998 [YR1998],1999 [YR1999],2000 [YR2000],2001 [YR2001],2002 [YR2002],2003 [YR2003],2004 [YR2004],2005 [YR2005],2006 [YR2006],2007 [YR2007],2008 [YR2008],2009 [YR2009],2010 [YR2010],2011 [YR2011],2012 [YR2012],2013 [YR2013],2014 [YR2014],2015 [YR2015],2016 [YR2016],2017 [YR2017],2018 [YR2018],2019 [YR2019],2020 [YR2020],2021 [YR2021],2022 [YR2022],2023 [YR2023]
"Fertility rate, total (births per woman)",SP.DYN.TFRT.IN,Sweden,SWE,2.13,2.11,2.09,1.99,1.88,1.73,1.6,1.52,1.5,1.5,1.54,1.57,1.65,1.71,1.75,1.77,1.85,1.88,1.91,1.94,1.98,1.9,1.91,1.89,1.88,1.85,1.85,1.78,1.76,1.71,1.67,1.67,1.52,..
"Fertility rate, total (births per woman)",SP.DYN.TFRT.IN,Denmark,DNK,1.67,1.68,1.76,1.75,1.81,1.8,1.75,1.75,1.72,1.73,1.77,1.74,1.72,1.76,1.78,1.8,1.85,1.84,1.89,1.84,1.87,1.75,1.73,1.67,1.69,1.71,1.79,1.75,1.73,1.7,1.68,1.72,1.55,..
"Fertility rate, total (births per woman)",SP.DYN.TFRT.IN,"Korea, Rep.",KOR,1.57,1.71,1.76,1.654,1.656,1.634,1.574,1.537,1.464,1.425,1.48,1.309,1.178,1.191,1.164,1.085,1.132,1.259,1.192,1.149,1.226,1.244,1.297,1.187,1.205,1.239,1.172,1.052,0.977,0.918,0.837,0.808,0.778,..
"Fertility rate, total (births per woman)",SP.DYN.TFRT.IN,Japan,JPN,1.54,1.53,1.5,1.46,1.5,1.42,1.43,1.39,1.38,1.34,1.36,1.33,1.32,1.29,1.29,1.26,1.32,1.34,1.37,1.37,1.39,1.39,1.41,1.43,1.42,1.45,1.44,1.43,1.42,1.36,1.33,1.3,1.26,..
"Fertility rate, total (births per woman)",SP.DYN.TFRT.IN,Hungary,HUN,1.87,1.87,1.77,1.68,1.64,1.57,1.46,1.37,1.32,1.28,1.32,1.31,1.3,1.27,1.28,1.31,1.34,1.32,1.35,1.32,1.25,1.23,1.34,1.35,1.44,1.45,1.53,1.54,1.55,1.55,1.59,1.61,1.52,..
"Fertility rate, total (births per woman)",SP.DYN.TFRT.IN,Greece,GRC,1.39,1.37,1.36,1.32,1.33,1.28,1.26,1.27,1.24,1.23,1.25,1.25,1.28,1.29,1.31,1.34,1.4,1.41,1.5,1.5,1.48,1.4,1.34,1.29,1.3,1.33,1.38,1.35,1.35,1.34,1.39,1.43,1.43,..
"Fertility rate, total (births per woman)",SP.DYN.TFRT.IN,Russian Federation,RUS,1.892,1.732,1.552,1.385,1.4,1.337,1.27,1.218,1.232,1.157,1.195,1.223,1.286,1.319,1.344,1.294,1.305,1.416,1.502,1.542,1.567,1.582,1.691,1.707,1.75,1.777,1.762,1.621,1.579,1.504,1.505,1.505,1.416,..
"Fertility rate, total (births per woman)",SP.DYN.TFRT.IN,"Hong Kong SAR, China",HKG,1.272,1.281,1.347,1.342,1.355,1.295,1.191,1.127,1.016,0.981,1.032,0.931,0.941,0.901,0.922,0.959,0.984,1.028,1.064,1.055,1.127,1.204,1.285,1.125,1.235,1.196,1.205,1.128,1.08,1.064,0.883,0.772,0.701,..
"Fertility rate, total (births per woman)",SP.DYN.TFRT.IN,Finland,FIN,1.78,1.79,1.85,1.81,1.85,1.81,1.78,1.75,1.7,1.73,1.73,1.73,1.72,1.76,1.8,1.8,1.84,1.83,1.85,1.86,1.87,1.83,1.8,1.75,1.71,1.65,1.57,1.49,1.41,1.35,1.37,1.46,1.32,..
,,,,,,,,,,,,,,,,,,,,,,,,,,,,,,,,,,,,,
,,,,,,,,,,,,,,,,,,,,,,,,,,,,,,,,,,,,,
,,,,,,,,,,,,,,,,,,,,,,,,,,,,,,,,,,,,,
Data from database: World Development Indicators,,,,,,,,,,,,,,,,,,,,,,,,,,,,,,,,,,,,,
Last Updated: 01/28/2025,,,,,,,,,,,,,,,,,,,,,,,,,,,,,,,,,,,,,
Code,License Type,Indicator Name,Long definition,Source,Topic,Periodicity,Aggregation method,Statistical concept and methodology,Development relevance,General comments,License URL
SP.DYN.TFRT.IN,CC BY-4.0,"Fertility rate, total (births per woman)",Total fertility rate represents the number of children that would be born to a woman if she were to live to the end of her childbearing years and bear children in accordance with age-specific fertility rates of the specified year.,(1) United Nations Population Division. World Population Prospects: 2022 Revision; (2) Statistical databases and publications from national statistical offices; (3) Eurostat: Demographic Statistics.,Health: Reproductive health,Annual,Weighted average,"Total fertility rates are based on data on registered live births from vital registration systems or, in the absence of such systems, from censuses or sample surveys. The estimated rates are generally considered reliable measures of fertility in the recent past. Where no empirical information on age-specific fertility rates is available, a model is used to estimate the share of births to adolescents. For countries without reliable vital registration systems fertility rates are generally based on extrapolations from trends observed in censuses or surveys from earlier years.","Reproductive health is a state of physical and mental well-being in relation to the reproductive system and its functions and processes. Means of achieving reproductive health include education and services during pregnancy and childbirth, safe and effective contraception, and prevention and treatment of sexually transmitted diseases. Complications of pregnancy and childbirth are the leading cause of death and disability among women of reproductive age in developing countries.",Relevance to gender indicator: it can indicate the status of women within households and a woman�s decision about the number and spacing of children.,https://datacatalog.worldbank.org/public-licenses#cc-by
